{"apiVersion":"1.0","swaggerVersion":"1.2","basePath":"/mobile/custom/rec_api","apis":[{"path":"/recipes","operations":[{"type":"void","method":"POST","nickname":"POST","parameters":[{"name":"body","type":"string","example":"{\n    \"name\": \"Widget Adapter\",\n    \"description\": \"this is a description\",\n    \"portion\": 2\n}\n","paramType":"body"}],"summary":"Add Recipe","notes":"Add Recipe","responseMessages":[{"example":"{\n    \"id\": 547,\n    \"name\": \"Widget Adapter\",\n    \"description\": \"this is a description\",\n    \"portion\": 2\n}\n","code":201},{"example":"{\n    \"code\": 4001,\n    \"description\": \"Invalid name\"\n}\n","code":400}],"produces":["application/json"],"consumes":["application/json"]},{"type":"void","method":"GET","nickname":"GET","parameters":[],"responseMessages":[{"example":"[\n  {\n    \"id\": 547,\n    \"name\": \"Widget Adapter\",\n    \"description\": \"this is a description\",\n    \"portion\": 2\n  },\n  {\n    \"id\": 548,\n    \"name\": \"Widget\",\n    \"description\": \"this is a description\",\n    \"portion\": 3\n  }\n]\n","code":200}],"produces":["application/json"]}]},{"path":"/recipes/{name}","operations":[{"type":"void","method":"GET","nickname":"GET","parameters":[{"name":"name","type":"string","paramType":"path","allowMultiple":false,"required":true}],"summary":"Recipes","notes":"Get All Recipes","responseMessages":[{"example":"{\n  \"id\": 547,\n  \"name\": \"Widget Adapter\",\n  \"description\": \"this is a description\",\n  \"portion\": 2\n}\n","code":200},{"example":"[\n  {\n    \"code\": 4001,\n    \"message\": \"Invalid name\"\n  }\n] ","code":400}],"produces":["application/json"]}]}],"models":{},"info":{"title":"rec_api","description":"API"}}